record_id,contract_id,vendor_id,fiscal_year,fiscal_quarter,period_start,period_end,budgeted_amount,actual_amount,variance_amount,variance_pct,spend_category,cost_center,department,approval_status,invoice_count,on_time_payment_pct
SP-0001,CON-0003,V009,FY2025,Q1,2025-01-01,2025-03-31,269153.71,233597.2,-35556.51,-13.2,Professional Services,CC-4000,Operations,Approved,4,97.9
SP-0002,CON-0003,V009,FY2023,Q4,2023-10-01,2023-12-31,244551.21,267761.8,23210.59,9.5,Consulting,CC-4000,Operations,Approved,2,90.1
SP-0003,CON-0003,V009,FY2024,Q3,2024-07-01,2024-09-30,187867.85,185424.92,-2442.93,-1.3,Consulting,CC-4000,Operations,Approved,4,85.8
SP-0004,CON-0003,V009,FY2024,Q4,2024-10-01,2024-12-31,264941.75,282528.57,17586.82,6.6,Consulting,CC-4000,Operations,Approved,6,89.1
SP-0005,CON-0004,V013,FY2023,Q2,2023-04-01,2023-06-30,40932.37,39409.96,-1522.41,-3.7,Professional Services,CC-5000,Finance,Approved,6,99.3
SP-0006,CON-0004,V013,FY2023,Q4,2023-10-01,2023-12-31,47663.38,51023.48,3360.1,7.0,Professional Services,CC-5000,Finance,Approved,3,96.2
SP-0007,CON-0004,V013,FY2023,Q3,2023-07-01,2023-09-30,54942.79,49891.68,-5051.11,-9.2,Consulting,CC-5000,Finance,Approved,3,81.8
SP-0008,CON-0004,V013,FY2025,Q4,2025-10-01,2025-12-31,57703.42,52498.0,-5205.42,-9.0,Professional Services,CC-5000,Finance,Approved,5,96.4
SP-0009,CON-0007,V011,FY2023,Q1,2023-01-01,2023-03-31,77063.49,90648.69,13585.2,17.6,Staffing,CC-8000,R&D,Escalated,1,96.6
SP-0010,CON-0007,V011,FY2024,Q3,2024-07-01,2024-09-30,78387.54,76384.58,-2002.96,-2.6,Staffing,CC-8000,R&D,Escalated,2,91.6
SP-0011,CON-0007,V011,FY2024,Q4,2024-10-01,2024-12-31,107330.18,139346.44,32016.26,29.8,Staffing,CC-8000,R&D,Pending,3,81.8
SP-0012,CON-0007,V011,FY2025,Q1,2025-01-01,2025-03-31,78086.32,71068.51,-7017.81,-9.0,Staffing,CC-8000,R&D,Pending,7,96.4
SP-0013,CON-0008,V014,FY2024,Q4,2024-10-01,2024-12-31,744494.85,736456.01,-8038.84,-1.1,Staffing,CC-7000,Marketing,Approved,1,92.3
SP-0014,CON-0008,V014,FY2023,Q1,2023-01-01,2023-03-31,677675.03,729554.93,51879.9,7.7,Staffing,CC-7000,Marketing,Approved,1,81.8
SP-0015,CON-0008,V014,FY2024,Q3,2024-07-01,2024-09-30,547109.62,589199.04,42089.42,7.7,Staffing,CC-7000,Marketing,Pending,4,92.6
SP-0016,CON-0008,V014,FY2025,Q2,2025-04-01,2025-06-30,765255.43,743692.39,-21563.04,-2.8,Staffing,CC-7000,Marketing,Pending,8,86.9
SP-0017,CON-0008,V014,FY2023,Q3,2023-07-01,2023-09-30,611400.12,589252.46,-22147.66,-3.6,Staffing,CC-7000,Marketing,Approved,1,97.9
SP-0018,CON-0008,V014,FY2025,Q4,2025-10-01,2025-12-31,526977.39,530079.42,3102.03,0.6,Staffing,CC-7000,Marketing,Pending,4,99.5
SP-0019,CON-0009,V020,FY2023,Q4,2023-10-01,2023-12-31,161622.19,169285.03,7662.84,4.7,Maintenance,CC-7000,Marketing,Approved,7,87.1
SP-0020,CON-0009,V020,FY2025,Q3,2025-07-01,2025-09-30,138811.84,147312.96,8501.12,6.1,Infrastructure,CC-7000,Marketing,Escalated,6,98.3
SP-0021,CON-0009,V020,FY2025,Q4,2025-10-01,2025-12-31,172451.26,174784.57,2333.31,1.4,Infrastructure,CC-7000,Marketing,Approved,4,96.7
SP-0022,CON-0010,V004,FY2025,Q1,2025-01-01,2025-03-31,247314.75,248622.97,1308.22,0.5,Professional Services,CC-7000,Marketing,Approved,6,98.4
SP-0023,CON-0010,V004,FY2024,Q1,2024-01-01,2024-03-31,310878.83,290824.65,-20054.18,-6.5,Professional Services,CC-7000,Marketing,Approved,1,80.4
SP-0024,CON-0010,V004,FY2023,Q3,2023-07-01,2023-09-30,307325.35,329493.92,22168.57,7.2,Professional Services,CC-7000,Marketing,Approved,6,94.1
SP-0025,CON-0010,V004,FY2024,Q4,2024-10-01,2024-12-31,286461.24,276297.78,-10163.46,-3.5,Consulting,CC-7000,Marketing,Approved,7,95.8
SP-0026,CON-0010,V004,FY2023,Q1,2023-01-01,2023-03-31,293458.07,320969.35,27511.28,9.4,Consulting,CC-7000,Marketing,Escalated,6,84.5
SP-0027,CON-0010,V004,FY2025,Q4,2025-10-01,2025-12-31,263461.13,252633.79,-10827.34,-4.1,Professional Services,CC-7000,Marketing,Approved,1,99.0
SP-0028,CON-0011,V020,FY2025,Q2,2025-04-01,2025-06-30,261347.46,299819.37,38471.91,14.7,Consulting,CC-3000,IT,Approved,6,99.6
SP-0029,CON-0011,V020,FY2023,Q1,2023-01-01,2023-03-31,234604.69,249697.36,15092.67,6.4,Consulting,CC-3000,IT,Escalated,6,88.9
SP-0030,CON-0011,V020,FY2023,Q3,2023-07-01,2023-09-30,196648.55,190768.02,-5880.53,-3.0,Professional Services,CC-3000,IT,Approved,1,81.0
SP-0031,CON-0011,V020,FY2024,Q2,2024-04-01,2024-06-30,243183.5,261886.84,18703.34,7.7,Professional Services,CC-3000,IT,Approved,7,87.0
SP-0032,CON-0011,V020,FY2023,Q4,2023-10-01,2023-12-31,187014.44,200630.99,13616.55,7.3,Professional Services,CC-3000,IT,Escalated,4,83.3
SP-0033,CON-0011,V020,FY2025,Q1,2025-01-01,2025-03-31,249111.4,177378.97,-71732.43,-28.8,Consulting,CC-3000,IT,Escalated,2,86.8
SP-0034,CON-0012,V008,FY2023,Q3,2023-07-01,2023-09-30,38136.43,39308.25,1171.82,3.1,Infrastructure,CC-4000,Operations,Pending,7,83.1
SP-0035,CON-0012,V008,FY2023,Q2,2023-04-01,2023-06-30,32870.94,32274.53,-596.41,-1.8,Maintenance,CC-4000,Operations,Pending,5,93.2
SP-0036,CON-0012,V008,FY2025,Q1,2025-01-01,2025-03-31,31551.84,32910.52,1358.68,4.3,Infrastructure,CC-4000,Operations,Approved,3,81.1
SP-0037,CON-0012,V008,FY2025,Q3,2025-07-01,2025-09-30,34231.86,35341.11,1109.25,3.2,Maintenance,CC-4000,Operations,Pending,8,84.0
SP-0038,CON-0012,V008,FY2024,Q2,2024-04-01,2024-06-30,31120.41,34089.66,2969.25,9.5,Maintenance,CC-4000,Operations,Approved,2,86.2
SP-0039,CON-0012,V008,FY2024,Q1,2024-01-01,2024-03-31,34842.98,33205.39,-1637.59,-4.7,Infrastructure,CC-4000,Operations,Escalated,7,83.7
SP-0040,CON-0013,V014,FY2024,Q2,2024-04-01,2024-06-30,114118.24,115584.58,1466.34,1.3,Staffing,CC-4000,Operations,Approved,2,81.7
SP-0041,CON-0013,V014,FY2023,Q3,2023-07-01,2023-09-30,141585.43,148847.54,7262.11,5.1,Staffing,CC-4000,Operations,Approved,1,96.8
SP-0042,CON-0013,V014,FY2024,Q4,2024-10-01,2024-12-31,149523.76,162573.04,13049.28,8.7,Staffing,CC-4000,Operations,Pending,4,89.5
SP-0043,CON-0013,V014,FY2023,Q1,2023-01-01,2023-03-31,120743.46,109507.76,-11235.7,-9.3,Staffing,CC-4000,Operations,Pending,3,82.4
SP-0044,CON-0013,V014,FY2024,Q1,2024-01-01,2024-03-31,109554.22,119899.75,10345.53,9.4,Staffing,CC-4000,Operations,Approved,3,80.9
SP-0045,CON-0013,V014,FY2023,Q4,2023-10-01,2023-12-31,150665.86,165650.16,14984.3,9.9,Staffing,CC-4000,Operations,Escalated,3,96.7
SP-0046,CON-0014,V018,FY2024,Q2,2024-04-01,2024-06-30,120641.16,130706.54,10065.38,8.3,Staffing,CC-4000,Operations,Approved,7,82.3
SP-0047,CON-0014,V018,FY2023,Q2,2023-04-01,2023-06-30,90722.93,95411.08,4688.15,5.2,Staffing,CC-4000,Operations,Approved,2,91.3
SP-0048,CON-0014,V018,FY2025,Q3,2025-07-01,2025-09-30,117647.82,126592.25,8944.43,7.6,Staffing,CC-4000,Operations,Approved,5,87.7
SP-0049,CON-0014,V018,FY2024,Q3,2024-07-01,2024-09-30,108621.88,101500.62,-7121.26,-6.6,Staffing,CC-4000,Operations,Approved,3,92.4
SP-0050,CON-0014,V018,FY2025,Q1,2025-01-01,2025-03-31,86102.01,83200.27,-2901.74,-3.4,Staffing,CC-4000,Operations,Approved,1,94.9
SP-0051,CON-0015,V007,FY2024,Q2,2024-04-01,2024-06-30,291409.3,302182.82,10773.52,3.7,Infrastructure,CC-3000,IT,Approved,3,86.0
SP-0052,CON-0015,V007,FY2023,Q1,2023-01-01,2023-03-31,284355.27,297367.33,13012.06,4.6,Infrastructure,CC-3000,IT,Pending,2,83.8
SP-0053,CON-0015,V007,FY2025,Q4,2025-10-01,2025-12-31,298644.83,297716.66,-928.17,-0.3,Infrastructure,CC-3000,IT,Pending,6,96.4
SP-0054,CON-0015,V007,FY2024,Q1,2024-01-01,2024-03-31,211738.48,207647.06,-4091.42,-1.9,Infrastructure,CC-3000,IT,Pending,1,83.5
SP-0055,CON-0015,V007,FY2025,Q1,2025-01-01,2025-03-31,290807.6,288274.59,-2533.01,-0.9,Infrastructure,CC-3000,IT,Approved,4,85.5
SP-0056,CON-0017,V006,FY2025,Q1,2025-01-01,2025-03-31,788030.09,846420.09,58390.0,7.4,Maintenance,CC-8000,R&D,Pending,6,86.9
SP-0057,CON-0017,V006,FY2024,Q3,2024-07-01,2024-09-30,835091.63,799194.28,-35897.35,-4.3,Maintenance,CC-8000,R&D,Approved,1,83.3
SP-0058,CON-0017,V006,FY2023,Q2,2023-04-01,2023-06-30,867945.93,898791.9,30845.97,3.6,Infrastructure,CC-8000,R&D,Approved,7,90.3
SP-0059,CON-0017,V006,FY2023,Q1,2023-01-01,2023-03-31,751592.24,604220.33,-147371.91,-19.6,Infrastructure,CC-8000,R&D,Escalated,5,92.2
SP-0060,CON-0017,V006,FY2023,Q4,2023-10-01,2023-12-31,824088.36,787066.78,-37021.58,-4.5,Maintenance,CC-8000,R&D,Approved,6,89.2
SP-0061,CON-0017,V006,FY2023,Q3,2023-07-01,2023-09-30,749344.48,797948.58,48604.1,6.5,Infrastructure,CC-8000,R&D,Approved,2,80.1
SP-0062,CON-0018,V006,FY2025,Q1,2025-01-01,2025-03-31,22625.22,21613.8,-1011.42,-4.5,Software Licenses,CC-8000,R&D,Approved,5,85.2
SP-0063,CON-0018,V006,FY2025,Q3,2025-07-01,2025-09-30,19950.59,18914.36,-1036.23,-5.2,Maintenance,CC-8000,R&D,Approved,7,93.2
SP-0064,CON-0018,V006,FY2025,Q2,2025-04-01,2025-06-30,24809.08,27277.43,2468.35,9.9,Software Licenses,CC-8000,R&D,Approved,7,88.1
SP-0065,CON-0018,V006,FY2024,Q1,2024-01-01,2024-03-31,23548.61,25036.95,1488.34,6.3,Software Licenses,CC-8000,R&D,Approved,4,93.7
SP-0066,CON-0018,V006,FY2025,Q4,2025-10-01,2025-12-31,26497.88,26536.65,38.77,0.1,Maintenance,CC-8000,R&D,Approved,3,85.9
SP-0067,CON-0019,V016,FY2023,Q3,2023-07-01,2023-09-30,177507.35,190693.74,13186.39,7.4,Consulting,CC-4000,Operations,Approved,6,87.4
SP-0068,CON-0019,V016,FY2024,Q1,2024-01-01,2024-03-31,196798.26,144096.9,-52701.36,-26.8,Professional Services,CC-4000,Operations,Escalated,8,97.8
SP-0069,CON-0019,V016,FY2025,Q1,2025-01-01,2025-03-31,229047.64,219810.41,-9237.23,-4.0,Consulting,CC-4000,Operations,Approved,3,82.7
SP-0070,CON-0019,V016,FY2025,Q4,2025-10-01,2025-12-31,187125.87,201828.17,14702.3,7.9,Consulting,CC-4000,Operations,Approved,3,86.3
SP-0071,CON-0019,V016,FY2024,Q2,2024-04-01,2024-06-30,221973.99,227791.16,5817.17,2.6,Consulting,CC-4000,Operations,Approved,6,92.7
SP-0072,CON-0019,V016,FY2024,Q4,2024-10-01,2024-12-31,195863.1,206578.47,10715.37,5.5,Consulting,CC-4000,Operations,Pending,3,89.8
SP-0073,CON-0020,V006,FY2023,Q3,2023-07-01,2023-09-30,345491.86,337429.21,-8062.65,-2.3,Professional Services,CC-2000,Procurement,Approved,4,94.6
SP-0074,CON-0020,V006,FY2025,Q2,2025-04-01,2025-06-30,415730.79,418311.13,2580.34,0.6,Consulting,CC-2000,Procurement,Approved,1,92.5
SP-0075,CON-0020,V006,FY2024,Q3,2024-07-01,2024-09-30,320029.45,308002.25,-12027.2,-3.8,Consulting,CC-2000,Procurement,Approved,7,90.1
SP-0076,CON-0021,V020,FY2023,Q3,2023-07-01,2023-09-30,251582.9,243423.32,-8159.58,-3.2,Consulting,CC-7000,Marketing,Escalated,3,86.9
SP-0077,CON-0021,V020,FY2023,Q2,2023-04-01,2023-06-30,217589.35,237089.03,19499.68,9.0,Consulting,CC-7000,Marketing,Approved,1,84.6
SP-0078,CON-0021,V020,FY2023,Q1,2023-01-01,2023-03-31,275289.93,248967.44,-26322.49,-9.6,Infrastructure,CC-7000,Marketing,Pending,3,82.5
SP-0079,CON-0021,V020,FY2024,Q1,2024-01-01,2024-03-31,244454.45,299683.18,55228.73,22.6,Infrastructure,CC-7000,Marketing,Escalated,1,93.2
SP-0080,CON-0021,V020,FY2025,Q1,2025-01-01,2025-03-31,261570.11,201271.37,-60298.74,-23.1,Infrastructure,CC-7000,Marketing,Pending,2,90.9
SP-0081,CON-0022,V003,FY2025,Q4,2025-10-01,2025-12-31,126841.67,129521.44,2679.77,2.1,Professional Services,CC-8000,R&D,Approved,7,96.6
SP-0082,CON-0022,V003,FY2023,Q3,2023-07-01,2023-09-30,119652.83,114452.88,-5199.95,-4.3,Professional Services,CC-8000,R&D,Approved,8,84.0
SP-0083,CON-0022,V003,FY2023,Q4,2023-10-01,2023-12-31,132342.99,144865.81,12522.82,9.5,Professional Services,CC-8000,R&D,Approved,7,85.9
SP-0084,CON-0022,V003,FY2023,Q1,2023-01-01,2023-03-31,121394.27,125963.65,4569.38,3.8,Professional Services,CC-8000,R&D,Approved,6,84.7
SP-0085,CON-0022,V003,FY2024,Q1,2024-01-01,2024-03-31,127277.59,135811.1,8533.51,6.7,Professional Services,CC-8000,R&D,Escalated,8,83.0
SP-0086,CON-0022,V003,FY2025,Q2,2025-04-01,2025-06-30,132417.65,150180.91,17763.26,13.4,Professional Services,CC-8000,R&D,Approved,4,89.1
SP-0087,CON-0026,V019,FY2024,Q1,2024-01-01,2024-03-31,1282779.71,1328130.21,45350.5,3.5,Professional Services,CC-3000,IT,Approved,2,81.9
SP-0088,CON-0026,V019,FY2024,Q4,2024-10-01,2024-12-31,903836.65,983662.76,79826.11,8.8,Professional Services,CC-3000,IT,Approved,6,97.9
SP-0089,CON-0026,V019,FY2023,Q1,2023-01-01,2023-03-31,1294575.06,1539222.01,244646.95,18.9,Consulting,CC-3000,IT,Escalated,7,88.0
SP-0090,CON-0026,V019,FY2023,Q2,2023-04-01,2023-06-30,1021741.69,1093400.84,71659.15,7.0,Consulting,CC-3000,IT,Approved,3,82.3
SP-0091,CON-0026,V019,FY2023,Q3,2023-07-01,2023-09-30,1340940.73,1234661.28,-106279.45,-7.9,Professional Services,CC-3000,IT,Pending,8,96.0
SP-0092,CON-0028,V008,FY2023,Q3,2023-07-01,2023-09-30,184435.22,198732.41,14297.19,7.8,Infrastructure,CC-3000,IT,Approved,1,81.3
SP-0093,CON-0028,V008,FY2025,Q2,2025-04-01,2025-06-30,149471.69,150213.61,741.92,0.5,Maintenance,CC-3000,IT,Escalated,4,99.6
SP-0094,CON-0028,V008,FY2024,Q3,2024-07-01,2024-09-30,187110.68,191535.44,4424.76,2.4,Maintenance,CC-3000,IT,Approved,4,89.6
SP-0095,CON-0028,V008,FY2024,Q2,2024-04-01,2024-06-30,159595.19,172109.43,12514.24,7.8,Maintenance,CC-3000,IT,Pending,1,80.2
SP-0096,CON-0028,V008,FY2023,Q1,2023-01-01,2023-03-31,186105.55,185950.52,-155.03,-0.1,Infrastructure,CC-3000,IT,Approved,2,95.0
SP-0097,CON-0028,V008,FY2025,Q3,2025-07-01,2025-09-30,166446.28,151477.79,-14968.49,-9.0,Maintenance,CC-3000,IT,Approved,7,88.1
SP-0098,CON-0029,V013,FY2023,Q2,2023-04-01,2023-06-30,255802.15,236295.03,-19507.12,-7.6,Software Licenses,CC-5000,Finance,Approved,1,82.1
SP-0099,CON-0029,V013,FY2024,Q4,2024-10-01,2024-12-31,182304.89,194187.84,11882.95,6.5,Maintenance,CC-5000,Finance,Pending,5,97.8
SP-0100,CON-0029,V013,FY2025,Q3,2025-07-01,2025-09-30,237714.04,230147.8,-7566.24,-3.2,Software Licenses,CC-5000,Finance,Approved,4,96.9
SP-0101,CON-0029,V013,FY2025,Q2,2025-04-01,2025-06-30,229256.66,228024.8,-1231.86,-0.5,Maintenance,CC-5000,Finance,Escalated,6,94.3
SP-0102,CON-0030,V002,FY2023,Q2,2023-04-01,2023-06-30,236678.47,258662.76,21984.29,9.3,Maintenance,CC-7000,Marketing,Approved,6,94.0
SP-0103,CON-0030,V002,FY2025,Q3,2025-07-01,2025-09-30,292833.78,311682.83,18849.05,6.4,Maintenance,CC-7000,Marketing,Escalated,7,82.1
SP-0104,CON-0030,V002,FY2023,Q4,2023-10-01,2023-12-31,221130.06,216393.3,-4736.76,-2.1,Maintenance,CC-7000,Marketing,Approved,4,94.3
SP-0105,CON-0031,V001,FY2024,Q3,2024-07-01,2024-09-30,638402.16,658633.98,20231.82,3.2,Infrastructure,CC-4000,Operations,Pending,3,99.3
SP-0106,CON-0031,V001,FY2023,Q1,2023-01-01,2023-03-31,582722.03,734920.27,152198.24,26.1,Infrastructure,CC-4000,Operations,Pending,3,93.8
SP-0107,CON-0031,V001,FY2025,Q2,2025-04-01,2025-06-30,628810.39,586330.07,-42480.32,-6.8,Infrastructure,CC-4000,Operations,Pending,6,90.1
SP-0108,CON-0032,V011,FY2024,Q3,2024-07-01,2024-09-30,171626.73,162641.6,-8985.13,-5.2,Maintenance,CC-5000,Finance,Escalated,5,96.9
SP-0109,CON-0032,V011,FY2025,Q2,2025-04-01,2025-06-30,189751.08,194782.64,5031.56,2.7,Maintenance,CC-5000,Finance,Approved,4,92.5
SP-0110,CON-0032,V011,FY2023,Q4,2023-10-01,2023-12-31,187983.41,174173.09,-13810.32,-7.3,Maintenance,CC-5000,Finance,Escalated,3,90.1
SP-0111,CON-0032,V011,FY2024,Q1,2024-01-01,2024-03-31,189644.61,192006.83,2362.22,1.2,Maintenance,CC-5000,Finance,Pending,7,93.5
SP-0112,CON-0032,V011,FY2025,Q4,2025-10-01,2025-12-31,201338.39,181718.79,-19619.6,-9.7,Maintenance,CC-5000,Finance,Approved,1,87.6
SP-0113,CON-0032,V011,FY2023,Q3,2023-07-01,2023-09-30,186838.9,196187.76,9348.86,5.0,Infrastructure,CC-5000,Finance,Approved,5,93.7
SP-0114,CON-0033,V014,FY2023,Q1,2023-01-01,2023-03-31,302865.51,309898.58,7033.07,2.3,Software Licenses,CC-6000,HR,Escalated,4,94.8
SP-0115,CON-0033,V014,FY2024,Q1,2024-01-01,2024-03-31,287317.4,304488.74,17171.34,6.0,Maintenance,CC-6000,HR,Approved,1,98.5
SP-0116,CON-0033,V014,FY2023,Q4,2023-10-01,2023-12-31,310298.05,321788.31,11490.26,3.7,Maintenance,CC-6000,HR,Pending,1,80.3
SP-0117,CON-0033,V014,FY2025,Q1,2025-01-01,2025-03-31,282886.38,303279.36,20392.98,7.2,Maintenance,CC-6000,HR,Approved,4,98.2
SP-0118,CON-0034,V010,FY2025,Q2,2025-04-01,2025-06-30,194991.24,178396.28,-16594.96,-8.5,Maintenance,CC-4000,Operations,Approved,2,87.5
SP-0119,CON-0034,V010,FY2025,Q1,2025-01-01,2025-03-31,181478.36,169171.54,-12306.82,-6.8,Maintenance,CC-4000,Operations,Approved,1,86.6
SP-0120,CON-0034,V010,FY2025,Q4,2025-10-01,2025-12-31,162433.89,165581.22,3147.33,1.9,Software Licenses,CC-4000,Operations,Escalated,5,89.8
SP-0121,CON-0034,V010,FY2023,Q4,2023-10-01,2023-12-31,165056.82,165895.15,838.33,0.5,Maintenance,CC-4000,Operations,Approved,2,95.7
SP-0122,CON-0034,V010,FY2025,Q3,2025-07-01,2025-09-30,192372.82,176673.1,-15699.72,-8.2,Software Licenses,CC-4000,Operations,Approved,4,93.3
SP-0123,CON-0035,V013,FY2024,Q2,2024-04-01,2024-06-30,472215.58,447693.22,-24522.36,-5.2,Software Licenses,CC-7000,Marketing,Escalated,4,99.2
SP-0124,CON-0035,V013,FY2024,Q1,2024-01-01,2024-03-31,531758.44,490640.12,-41118.32,-7.7,Maintenance,CC-7000,Marketing,Approved,5,80.5
SP-0125,CON-0035,V013,FY2023,Q4,2023-10-01,2023-12-31,561443.03,559961.35,-1481.68,-0.3,Maintenance,CC-7000,Marketing,Approved,4,86.4
SP-0126,CON-0035,V013,FY2025,Q1,2025-01-01,2025-03-31,658333.14,718409.49,60076.35,9.1,Software Licenses,CC-7000,Marketing,Pending,1,92.5
SP-0127,CON-0035,V013,FY2024,Q4,2024-10-01,2024-12-31,596283.52,639806.36,43522.84,7.3,Software Licenses,CC-7000,Marketing,Approved,2,84.1
SP-0128,CON-0036,V008,FY2025,Q3,2025-07-01,2025-09-30,335555.98,270724.99,-64830.99,-19.3,Professional Services,CC-8000,R&D,Escalated,4,98.2
SP-0129,CON-0036,V008,FY2023,Q2,2023-04-01,2023-06-30,393210.66,387943.61,-5267.05,-1.3,Professional Services,CC-8000,R&D,Approved,7,93.5
SP-0130,CON-0036,V008,FY2023,Q3,2023-07-01,2023-09-30,434933.58,457198.75,22265.17,5.1,Consulting,CC-8000,R&D,Pending,1,94.0
SP-0131,CON-0036,V008,FY2023,Q1,2023-01-01,2023-03-31,388216.15,371898.38,-16317.77,-4.2,Consulting,CC-8000,R&D,Escalated,5,92.1
SP-0132,CON-0036,V008,FY2024,Q4,2024-10-01,2024-12-31,455326.83,445775.28,-9551.55,-2.1,Professional Services,CC-8000,R&D,Escalated,1,89.5
SP-0133,CON-0036,V008,FY2024,Q2,2024-04-01,2024-06-30,351774.08,372703.56,20929.48,5.9,Consulting,CC-8000,R&D,Pending,5,99.2
SP-0134,CON-0037,V018,FY2024,Q1,2024-01-01,2024-03-31,311721.61,329799.26,18077.65,5.8,Infrastructure,CC-3000,IT,Pending,2,86.1
SP-0135,CON-0037,V018,FY2025,Q3,2025-07-01,2025-09-30,324714.95,347539.74,22824.79,7.0,Maintenance,CC-3000,IT,Approved,3,83.7
SP-0136,CON-0037,V018,FY2024,Q2,2024-04-01,2024-06-30,322158.8,341466.42,19307.62,6.0,Maintenance,CC-3000,IT,Approved,8,92.9
SP-0137,CON-0037,V018,FY2023,Q1,2023-01-01,2023-03-31,336300.92,255225.98,-81074.94,-24.1,Infrastructure,CC-3000,IT,Pending,6,87.1
SP-0138,CON-0038,V008,FY2023,Q2,2023-04-01,2023-06-30,41023.6,41978.16,954.56,2.3,Maintenance,CC-6000,HR,Approved,3,91.3
SP-0139,CON-0038,V008,FY2024,Q1,2024-01-01,2024-03-31,49694.81,46401.43,-3293.38,-6.6,Infrastructure,CC-6000,HR,Approved,4,95.7
SP-0140,CON-0038,V008,FY2025,Q2,2025-04-01,2025-06-30,40296.04,41743.31,1447.27,3.6,Infrastructure,CC-6000,HR,Approved,8,89.3
SP-0141,CON-0038,V008,FY2025,Q4,2025-10-01,2025-12-31,49111.92,45269.72,-3842.2,-7.8,Infrastructure,CC-6000,HR,Escalated,2,96.8
SP-0142,CON-0039,V015,FY2025,Q1,2025-01-01,2025-03-31,263203.63,270132.54,6928.91,2.6,Consulting,CC-1000,Legal,Pending,7,95.4
SP-0143,CON-0039,V015,FY2023,Q4,2023-10-01,2023-12-31,264495.79,266795.28,2299.49,0.9,Consulting,CC-1000,Legal,Pending,8,93.1
SP-0144,CON-0039,V015,FY2024,Q1,2024-01-01,2024-03-31,215307.54,227026.51,11718.97,5.4,Consulting,CC-1000,Legal,Escalated,5,82.7
SP-0145,CON-0039,V015,FY2023,Q2,2023-04-01,2023-06-30,218125.73,225222.6,7096.87,3.3,Consulting,CC-1000,Legal,Pending,3,95.1
SP-0146,CON-0040,V014,FY2024,Q4,2024-10-01,2024-12-31,49789.18,57600.28,7811.1,15.7,Maintenance,CC-4000,Operations,Escalated,5,87.4
SP-0147,CON-0040,V014,FY2023,Q3,2023-07-01,2023-09-30,45205.43,47840.55,2635.12,5.8,Infrastructure,CC-4000,Operations,Approved,8,98.4
SP-0148,CON-0040,V014,FY2025,Q3,2025-07-01,2025-09-30,34555.68,31813.51,-2742.17,-7.9,Infrastructure,CC-4000,Operations,Pending,5,96.7
SP-0149,CON-0040,V014,FY2025,Q2,2025-04-01,2025-06-30,43681.62,42604.08,-1077.54,-2.5,Maintenance,CC-4000,Operations,Approved,6,91.8
SP-0150,CON-0041,V001,FY2025,Q1,2025-01-01,2025-03-31,154876.87,166267.12,11390.25,7.4,Consulting,CC-1000,Legal,Approved,8,97.7
SP-0151,CON-0041,V001,FY2024,Q1,2024-01-01,2024-03-31,153982.28,123087.81,-30894.47,-20.1,Consulting,CC-1000,Legal,Pending,4,83.0
SP-0152,CON-0041,V001,FY2024,Q3,2024-07-01,2024-09-30,145389.36,134291.22,-11098.14,-7.6,Consulting,CC-1000,Legal,Approved,7,96.2
SP-0153,CON-0042,V013,FY2024,Q4,2024-10-01,2024-12-31,485879.17,518274.19,32395.02,6.7,Consulting,CC-7000,Marketing,Approved,4,80.9
SP-0154,CON-0042,V013,FY2025,Q3,2025-07-01,2025-09-30,469179.94,505850.83,36670.89,7.8,Professional Services,CC-7000,Marketing,Approved,1,83.3
SP-0155,CON-0042,V013,FY2025,Q4,2025-10-01,2025-12-31,553119.42,605028.98,51909.56,9.4,Professional Services,CC-7000,Marketing,Escalated,1,97.6
SP-0156,CON-0043,V008,FY2023,Q2,2023-04-01,2023-06-30,65924.81,61213.98,-4710.83,-7.1,Professional Services,CC-1000,Legal,Pending,3,92.5
SP-0157,CON-0043,V008,FY2023,Q4,2023-10-01,2023-12-31,67266.17,65149.59,-2116.58,-3.1,Infrastructure,CC-1000,Legal,Approved,2,84.6
SP-0158,CON-0043,V008,FY2024,Q4,2024-10-01,2024-12-31,63336.06,64199.13,863.07,1.4,Consulting,CC-1000,Legal,Pending,7,96.5
SP-0159,CON-0043,V008,FY2025,Q2,2025-04-01,2025-06-30,62269.24,63698.3,1429.06,2.3,Infrastructure,CC-1000,Legal,Approved,2,81.9
SP-0160,CON-0043,V008,FY2025,Q1,2025-01-01,2025-03-31,63280.08,67425.2,4145.12,6.6,Infrastructure,CC-1000,Legal,Escalated,7,90.4
SP-0161,CON-0046,V014,FY2023,Q1,2023-01-01,2023-03-31,487476.11,527240.4,39764.29,8.2,Consulting,CC-2000,Procurement,Escalated,2,88.5
SP-0162,CON-0046,V014,FY2025,Q1,2025-01-01,2025-03-31,513736.66,550628.42,36891.76,7.2,Consulting,CC-2000,Procurement,Approved,7,85.2
SP-0163,CON-0046,V014,FY2024,Q3,2024-07-01,2024-09-30,561852.93,570616.39,8763.46,1.6,Professional Services,CC-2000,Procurement,Approved,1,87.5
SP-0164,CON-0046,V014,FY2023,Q4,2023-10-01,2023-12-31,557418.48,542063.81,-15354.67,-2.8,Professional Services,CC-2000,Procurement,Approved,7,93.0
SP-0165,CON-0046,V014,FY2024,Q4,2024-10-01,2024-12-31,468973.74,475039.47,6065.73,1.3,Consulting,CC-2000,Procurement,Pending,5,99.8
SP-0166,CON-0047,V016,FY2023,Q4,2023-10-01,2023-12-31,598155.41,656596.18,58440.77,9.8,Professional Services,CC-7000,Marketing,Pending,6,95.5
SP-0167,CON-0047,V016,FY2024,Q3,2024-07-01,2024-09-30,639454.1,659824.91,20370.81,3.2,Professional Services,CC-7000,Marketing,Escalated,4,88.9
SP-0168,CON-0047,V016,FY2025,Q1,2025-01-01,2025-03-31,490913.23,519001.43,28088.2,5.7,Consulting,CC-7000,Marketing,Pending,1,83.2
SP-0169,CON-0047,V016,FY2025,Q2,2025-04-01,2025-06-30,655485.42,651771.26,-3714.16,-0.6,Consulting,CC-7000,Marketing,Pending,7,81.8
SP-0170,CON-0047,V016,FY2024,Q4,2024-10-01,2024-12-31,519310.34,375281.28,-144029.06,-27.7,Professional Services,CC-7000,Marketing,Pending,5,94.2
SP-0171,CON-0047,V016,FY2023,Q2,2023-04-01,2023-06-30,688523.35,707842.12,19318.77,2.8,Consulting,CC-7000,Marketing,Approved,1,84.0
SP-0172,CON-0048,V013,FY2023,Q4,2023-10-01,2023-12-31,96291.28,99276.68,2985.4,3.1,Staffing,CC-1000,Legal,Approved,2,99.9
SP-0173,CON-0048,V013,FY2023,Q1,2023-01-01,2023-03-31,84735.83,86194.64,1458.81,1.7,Staffing,CC-1000,Legal,Pending,1,94.7
SP-0174,CON-0048,V013,FY2025,Q2,2025-04-01,2025-06-30,105119.21,109873.51,4754.3,4.5,Staffing,CC-1000,Legal,Pending,6,86.9
SP-0175,CON-0048,V013,FY2025,Q1,2025-01-01,2025-03-31,80168.62,79443.24,-725.38,-0.9,Staffing,CC-1000,Legal,Approved,1,85.2
SP-0176,CON-0048,V013,FY2025,Q4,2025-10-01,2025-12-31,90249.32,90306.52,57.2,0.1,Staffing,CC-1000,Legal,Approved,2,96.1
SP-0177,CON-0049,V018,FY2025,Q1,2025-01-01,2025-03-31,318751.66,348155.78,29404.12,9.2,Infrastructure,CC-4000,Operations,Approved,8,97.9
SP-0178,CON-0049,V018,FY2025,Q2,2025-04-01,2025-06-30,285610.64,278908.69,-6701.95,-2.3,Maintenance,CC-4000,Operations,Approved,4,96.0
SP-0179,CON-0049,V018,FY2024,Q1,2024-01-01,2024-03-31,340095.44,306747.26,-33348.18,-9.8,Infrastructure,CC-4000,Operations,Approved,4,85.7
SP-0180,CON-0049,V018,FY2024,Q4,2024-10-01,2024-12-31,307673.55,281584.61,-26088.94,-8.5,Infrastructure,CC-4000,Operations,Approved,8,86.3
SP-0181,CON-0049,V018,FY2024,Q3,2024-07-01,2024-09-30,333061.02,362844.54,29783.52,8.9,Maintenance,CC-4000,Operations,Escalated,4,90.0
SP-0182,CON-0051,V001,FY2025,Q1,2024-04-01,2024-06-30,80000,78250,-1750,-2.2,Cloud Infrastructure,CC-3000,IT,Approved,3,98.5
SP-0183,CON-0051,V001,FY2025,Q2,2024-07-01,2024-09-30,80000,82100,2100,2.6,Cloud Infrastructure,CC-3000,IT,Approved,3,98.5
SP-0184,CON-0051,V001,FY2025,Q3,2024-10-01,2024-12-31,80000,79500,-500,-0.6,Cloud Infrastructure,CC-3000,IT,Approved,3,98.5
SP-0185,CON-0051,V001,FY2025,Q4,2025-01-01,2025-03-31,80000,83750,3750,4.7,Cloud Infrastructure,CC-3000,IT,Approved,3,98.5
SP-0186,CON-0053,V004,FY2025,Q1,2024-04-01,2024-06-30,45000,43200,-1800,-4.0,Analytics Services,CC-2000,Marketing,Approved,3,98.5
SP-0187,CON-0053,V004,FY2025,Q2,2024-07-01,2024-09-30,45000,47800,2800,6.2,Analytics Services,CC-2000,Marketing,Approved,3,98.5
SP-0188,CON-0053,V004,FY2025,Q3,2024-10-01,2024-12-31,45000,44100,-900,-2.0,Analytics Services,CC-2000,Marketing,Approved,3,98.5
SP-0189,CON-0054,V003,FY2023,Q1,2022-04-01,2022-06-30,23750,24100,350,1.5,Facility Maintenance,CC-4000,Operations,Approved,3,98.5
SP-0190,CON-0054,V003,FY2023,Q2,2022-07-01,2022-09-30,23750,25600,1850,7.8,Facility Maintenance,CC-4000,Operations,Approved,3,98.5
SP-0191,CON-0054,V003,FY2023,Q3,2022-10-01,2022-12-31,23750,23100,-650,-2.7,Facility Maintenance,CC-4000,Operations,Approved,3,98.5
SP-0192,CON-0054,V003,FY2023,Q4,2023-01-01,2023-03-31,23750,26800,3050,12.8,Facility Maintenance,CC-4000,Operations,Approved,3,98.5
SP-0193,CON-0054,V003,FY2024,Q1,2023-04-01,2023-06-30,23750,24500,750,3.2,Facility Maintenance,CC-4000,Operations,Approved,3,98.5
SP-0194,CON-0054,V003,FY2024,Q2,2023-07-01,2023-09-30,0,22300,22300,0,Facility Maintenance,CC-4000,Operations,Approved,3,98.5
SP-0195,CON-0054,V003,FY2024,Q3,2023-10-01,2023-12-31,0,23800,23800,0,Facility Maintenance,CC-4000,Operations,Approved,3,98.5
